<?xml version="1.0" encoding="UTF-8"?>
<project-private xmlns="http://www.netbeans.org/ns/project-private/1">
    <editor-bookmarks xmlns="http://www.netbeans.org/ns/editor-bookmarks/2" lastBookmarkId="0"/>
    <open-files xmlns="http://www.netbeans.org/ns/projectui-open-files/2">
        <group>
            <file>file:/D:/GitHub_Cursos/Proyecto-Arboles---EDA-II/ProyectoEDAII/src/arbolAVL/ArbolBin.java</file>
            <file>file:/D:/GitHub_Cursos/Proyecto-Arboles---EDA-II/ProyectoEDAII/src/heap/MinHeap.java</file>
            <file>file:/D:/GitHub_Cursos/Proyecto-Arboles---EDA-II/ProyectoEDAII/src/arbolAritmetico/Tree/Node.java</file>
            <file>file:/D:/GitHub_Cursos/Proyecto-Arboles---EDA-II/ProyectoEDAII/src/arbolAVL/AVLTree.java</file>
            <file>file:/D:/GitHub_Cursos/Proyecto-Arboles---EDA-II/ProyectoEDAII/src/arbolAritmetico/Tree/Expresion.java</file>
            <file>file:/D:/GitHub_Cursos/Proyecto-Arboles---EDA-II/ProyectoEDAII/src/arbolAVL/NodoAVL.java</file>
            <file>file:/D:/GitHub_Cursos/Proyecto-Arboles---EDA-II/ProyectoEDAII/src/arbolAritmetico/Tree/Tree.java</file>
            <file>file:/D:/GitHub_Cursos/Proyecto-Arboles---EDA-II/ProyectoEDAII/src/heap/Heap.java</file>
            <file>file:/D:/GitHub_Cursos/Proyecto-Arboles---EDA-II/ProyectoEDAII/src/heap/MaxHeap.java</file>
            <file>file:/D:/GitHub_Cursos/Proyecto-Arboles---EDA-II/ProyectoEDAII/src/lecturaConsola/LecturaConsola.java</file>
            <file>file:/D:/GitHub_Cursos/Proyecto-Arboles---EDA-II/ProyectoEDAII/src/principal/Menu.java</file>
            <file>file:/D:/GitHub_Cursos/Proyecto-Arboles---EDA-II/ProyectoEDAII/src/heap/NodoHeap.java</file>
            <file>file:/D:/GitHub_Cursos/Proyecto-Arboles---EDA-II/ProyectoEDAII/src/arbolAritmetico/Tree/ExpressionTree.java</file>
            <file>file:/D:/GitHub_Cursos/Proyecto-Arboles---EDA-II/ProyectoEDAII/src/arbolAritmetico/Main/Main.java</file>
            <file>file:/D:/GitHub_Cursos/Proyecto-Arboles---EDA-II/ProyectoEDAII/src/arbolAVL/ArbolBinBusq.java</file>
            <file>file:/D:/GitHub_Cursos/Proyecto-Arboles---EDA-II/ProyectoEDAII/src/heap/ArbolBin.java</file>
        </group>
    </open-files>
</project-private>
